-- Seed Data to generate 10,000-1,000,000 unique users

-- Locales
INSERT INTO locales (locale_code, locale_name, country_code) VALUES
('en_US', 'English (United States)', 'USA'),
('de_DE', 'German (Germany)', 'DEU');

-- First Names (en_US) - 150 names
INSERT INTO first_names (name, locale_code, gender, frequency) VALUES
('James', 'en_US', 'M', 10), ('Michael', 'en_US', 'M', 10), ('Robert', 'en_US', 'M', 9),
('John', 'en_US', 'M', 10), ('David', 'en_US', 'M', 9), ('William', 'en_US', 'M', 9),
('Richard', 'en_US', 'M', 8), ('Joseph', 'en_US', 'M', 8), ('Thomas', 'en_US', 'M', 8),
('Christopher', 'en_US', 'M', 7), ('Charles', 'en_US', 'M', 7), ('Daniel', 'en_US', 'M', 8),
('Matthew', 'en_US', 'M', 7), ('Anthony', 'en_US', 'M', 6), ('Mark', 'en_US', 'M', 7),
('Donald', 'en_US', 'M', 6), ('Steven', 'en_US', 'M', 6), ('Andrew', 'en_US', 'M', 6),
('Paul', 'en_US', 'M', 6), ('Joshua', 'en_US', 'M', 6), ('Kenneth', 'en_US', 'M', 5),
('Kevin', 'en_US', 'M', 6), ('Brian', 'en_US', 'M', 5), ('George', 'en_US', 'M', 5),
('Timothy', 'en_US', 'M', 5), ('Ronald', 'en_US', 'M', 5), ('Edward', 'en_US', 'M', 5),
('Jason', 'en_US', 'M', 5), ('Jeffrey', 'en_US', 'M', 5), ('Ryan', 'en_US', 'M', 5),
('Jacob', 'en_US', 'M', 5), ('Gary', 'en_US', 'M', 4), ('Nicholas', 'en_US', 'M', 4),
('Eric', 'en_US', 'M', 5), ('Jonathan', 'en_US', 'M', 4), ('Stephen', 'en_US', 'M', 4),
('Larry', 'en_US', 'M', 4), ('Justin', 'en_US', 'M', 4), ('Scott', 'en_US', 'M', 4),
('Brandon', 'en_US', 'M', 4), ('Benjamin', 'en_US', 'M', 5), ('Samuel', 'en_US', 'M', 4),
('Raymond', 'en_US', 'M', 4), ('Gregory', 'en_US', 'M', 4), ('Alexander', 'en_US', 'M', 4),
('Patrick', 'en_US', 'M', 4), ('Frank', 'en_US', 'M', 3), ('Jack', 'en_US', 'M', 4),
('Dennis', 'en_US', 'M', 3), ('Jerry', 'en_US', 'M', 3), ('Tyler', 'en_US', 'M', 4),
('Aaron', 'en_US', 'M', 4), ('Jose', 'en_US', 'M', 4), ('Adam', 'en_US', 'M', 4),
('Nathan', 'en_US', 'M', 3), ('Henry', 'en_US', 'M', 3), ('Douglas', 'en_US', 'M', 3),
('Zachary', 'en_US', 'M', 3), ('Peter', 'en_US', 'M', 3), ('Kyle', 'en_US', 'M', 3),
('Walter', 'en_US', 'M', 3), ('Ethan', 'en_US', 'M', 3), ('Jeremy', 'en_US', 'M', 3),
('Harold', 'en_US', 'M', 2), ('Keith', 'en_US', 'M', 3), ('Christian', 'en_US', 'M', 3),
('Roger', 'en_US', 'M', 2), ('Noah', 'en_US', 'M', 3), ('Gerald', 'en_US', 'M', 2),
('Carl', 'en_US', 'M', 2), ('Terry', 'en_US', 'M', 2), ('Sean', 'en_US', 'M', 3),
('Austin', 'en_US', 'M', 3), ('Arthur', 'en_US', 'M', 2), ('Lawrence', 'en_US', 'M', 2),
('Mary', 'en_US', 'F', 10), ('Patricia', 'en_US', 'F', 9), ('Jennifer', 'en_US', 'F', 9),
('Linda', 'en_US', 'F', 9), ('Barbara', 'en_US', 'F', 8), ('Elizabeth', 'en_US', 'F', 9),
('Susan', 'en_US', 'F', 8), ('Jessica', 'en_US', 'F', 8), ('Sarah', 'en_US', 'F', 8),
('Karen', 'en_US', 'F', 7), ('Lisa', 'en_US', 'F', 7), ('Nancy', 'en_US', 'F', 7),
('Betty', 'en_US', 'F', 6), ('Margaret', 'en_US', 'F', 7), ('Sandra', 'en_US', 'F', 6),
('Ashley', 'en_US', 'F', 7), ('Kimberly', 'en_US', 'F', 6), ('Emily', 'en_US', 'F', 7),
('Donna', 'en_US', 'F', 6), ('Michelle', 'en_US', 'F', 6), ('Carol', 'en_US', 'F', 6),
('Amanda', 'en_US', 'F', 6), ('Dorothy', 'en_US', 'F', 5), ('Melissa', 'en_US', 'F', 6),
('Deborah', 'en_US', 'F', 6), ('Stephanie', 'en_US', 'F', 5), ('Rebecca', 'en_US', 'F', 5),
('Sharon', 'en_US', 'F', 5), ('Laura', 'en_US', 'F', 6), ('Cynthia', 'en_US', 'F', 5),
('Kathleen', 'en_US', 'F', 5), ('Amy', 'en_US', 'F', 5), ('Angela', 'en_US', 'F', 5),
('Shirley', 'en_US', 'F', 5), ('Anna', 'en_US', 'F', 5), ('Brenda', 'en_US', 'F', 4),
('Pamela', 'en_US', 'F', 4), ('Emma', 'en_US', 'F', 5), ('Nicole', 'en_US', 'F', 5),
('Helen', 'en_US', 'F', 4), ('Samantha', 'en_US', 'F', 4), ('Katherine', 'en_US', 'F', 4),
('Christine', 'en_US', 'F', 4), ('Debra', 'en_US', 'F', 4), ('Rachel', 'en_US', 'F', 4),
('Carolyn', 'en_US', 'F', 4), ('Janet', 'en_US', 'F', 4), ('Catherine', 'en_US', 'F', 4),
('Maria', 'en_US', 'F', 5), ('Heather', 'en_US', 'F', 4), ('Diane', 'en_US', 'F', 4),
('Ruth', 'en_US', 'F', 4), ('Julie', 'en_US', 'F', 4), ('Olivia', 'en_US', 'F', 4),
('Joyce', 'en_US', 'F', 3), ('Virginia', 'en_US', 'F', 3), ('Victoria', 'en_US', 'F', 4),
('Kelly', 'en_US', 'F', 4), ('Lauren', 'en_US', 'F', 3), ('Christina', 'en_US', 'F', 4),
('Joan', 'en_US', 'F', 3), ('Evelyn', 'en_US', 'F', 3), ('Judith', 'en_US', 'F', 3),
('Megan', 'en_US', 'F', 3), ('Andrea', 'en_US', 'F', 4), ('Cheryl', 'en_US', 'F', 3),
('Hannah', 'en_US', 'F', 3), ('Jacqueline', 'en_US', 'F', 3), ('Martha', 'en_US', 'F', 3),
('Gloria', 'en_US', 'F', 3), ('Teresa', 'en_US', 'F', 3), ('Ann', 'en_US', 'F', 3),
('Sara', 'en_US', 'F', 3), ('Madison', 'en_US', 'F', 3), ('Frances', 'en_US', 'F', 2),
('Kathryn', 'en_US', 'F', 3), ('Janice', 'en_US', 'F', 2), ('Jean', 'en_US', 'F', 2),
('Abigail', 'en_US', 'F', 3), ('Alice', 'en_US', 'F', 2), ('Judy', 'en_US', 'F', 2);

-- First Names (de_DE) - 150 names
INSERT INTO first_names (name, locale_code, gender, frequency) VALUES
('Michael', 'de_DE', 'M', 10), ('Thomas', 'de_DE', 'M', 9), ('Andreas', 'de_DE', 'M', 9),
('Peter', 'de_DE', 'M', 9), ('Wolfgang', 'de_DE', 'M', 8), ('Klaus', 'de_DE', 'M', 8),
('Jürgen', 'de_DE', 'M', 8), ('Günter', 'de_DE', 'M', 7), ('Stefan', 'de_DE', 'M', 8),
('Christian', 'de_DE', 'M', 8), ('Uwe', 'de_DE', 'M', 7), ('Werner', 'de_DE', 'M', 7),
('Horst', 'de_DE', 'M', 6), ('Frank', 'de_DE', 'M', 7), ('Dieter', 'de_DE', 'M', 6),
('Martin', 'de_DE', 'M', 7), ('Hans', 'de_DE', 'M', 6), ('Jörg', 'de_DE', 'M', 6),
('Bernd', 'de_DE', 'M', 6), ('Rainer', 'de_DE', 'M', 5), ('Markus', 'de_DE', 'M', 6),
('Manfred', 'de_DE', 'M', 5), ('Matthias', 'de_DE', 'M', 6), ('Helmut', 'de_DE', 'M', 5),
('Alexander', 'de_DE', 'M', 6), ('Daniel', 'de_DE', 'M', 6), ('Sebastian', 'de_DE', 'M', 5),
('Karl', 'de_DE', 'M', 5), ('Heinz', 'de_DE', 'M', 5), ('Ralf', 'de_DE', 'M', 5),
('Jan', 'de_DE', 'M', 5), ('Dirk', 'de_DE', 'M', 4), ('Olaf', 'de_DE', 'M', 4),
('Christoph', 'de_DE', 'M', 4), ('Torsten', 'de_DE', 'M', 4), ('Oliver', 'de_DE', 'M', 5),
('Tobias', 'de_DE', 'M', 4), ('Joachim', 'de_DE', 'M', 4), ('Gerhard', 'de_DE', 'M', 4),
('Henrik', 'de_DE', 'M', 3), ('Florian', 'de_DE', 'M', 4), ('Marcel', 'de_DE', 'M', 4),
('Sven', 'de_DE', 'M', 4), ('Patrick', 'de_DE', 'M', 4), ('Benjamin', 'de_DE', 'M', 4),
('Axel', 'de_DE', 'M', 3), ('Tim', 'de_DE', 'M', 3), ('Maximilian', 'de_DE', 'M', 4),
('Felix', 'de_DE', 'M', 3), ('Lars', 'de_DE', 'M', 3), ('Nico', 'de_DE', 'M', 3),
('Lukas', 'de_DE', 'M', 3), ('Philipp', 'de_DE', 'M', 3), ('David', 'de_DE', 'M', 3),
('Jonas', 'de_DE', 'M', 3), ('Niklas', 'de_DE', 'M', 2), ('Leon', 'de_DE', 'M', 3),
('Paul', 'de_DE', 'M', 3), ('Simon', 'de_DE', 'M', 2), ('Moritz', 'de_DE', 'M', 2),
('Fabian', 'de_DE', 'M', 3), ('Adrian', 'de_DE', 'M', 2), ('Julian', 'de_DE', 'M', 3),
('Erik', 'de_DE', 'M', 2), ('Dominik', 'de_DE', 'M', 2), ('Marco', 'de_DE', 'M', 3),
('Robin', 'de_DE', 'M', 2), ('Dennis', 'de_DE', 'M', 3), ('Kai', 'de_DE', 'M', 2),
('Max', 'de_DE', 'M', 3), ('Marvin', 'de_DE', 'M', 2), ('Steffen', 'de_DE', 'M', 3),
('Kevin', 'de_DE', 'M', 2), ('Jens', 'de_DE', 'M', 3), ('Sascha', 'de_DE', 'M', 2),
('Maria', 'de_DE', 'F', 10), ('Anna', 'de_DE', 'F', 9), ('Monika', 'de_DE', 'F', 8),
('Barbara', 'de_DE', 'F', 8), ('Petra', 'de_DE', 'F', 8), ('Sabine', 'de_DE', 'F', 8),
('Angelika', 'de_DE', 'F', 7), ('Karin', 'de_DE', 'F', 7), ('Ursula', 'de_DE', 'F', 7),
('Andrea', 'de_DE', 'F', 7), ('Susanne', 'de_DE', 'F', 7), ('Gabriele', 'de_DE', 'F', 6),
('Stefanie', 'de_DE', 'F', 6), ('Christine', 'de_DE', 'F', 6), ('Martina', 'de_DE', 'F', 6),
('Claudia', 'de_DE', 'F', 7), ('Birgit', 'de_DE', 'F', 6), ('Helga', 'de_DE', 'F', 5),
('Nicole', 'de_DE', 'F', 6), ('Katrin', 'de_DE', 'F', 5), ('Julia', 'de_DE', 'F', 6),
('Silke', 'de_DE', 'F', 5), ('Inge', 'de_DE', 'F', 5), ('Renate', 'de_DE', 'F', 5),
('Sandra', 'de_DE', 'F', 5), ('Katharina', 'de_DE', 'F', 5), ('Heike', 'de_DE', 'F', 5),
('Elisabeth', 'de_DE', 'F', 5), ('Brigitte', 'de_DE', 'F', 5), ('Christina', 'de_DE', 'F', 5),
('Melanie', 'de_DE', 'F', 5), ('Anja', 'de_DE', 'F', 5), ('Daniela', 'de_DE', 'F', 4),
('Simone', 'de_DE', 'F', 5), ('Ute', 'de_DE', 'F', 4), ('Marion', 'de_DE', 'F', 4),
('Doris', 'de_DE', 'F', 4), ('Kerstin', 'de_DE', 'F', 4), ('Gisela', 'de_DE', 'F', 4),
('Laura', 'de_DE', 'F', 4), ('Sarah', 'de_DE', 'F', 4), ('Yvonne', 'de_DE', 'F', 4),
('Tanja', 'de_DE', 'F', 4), ('Elke', 'de_DE', 'F', 4), ('Margarete', 'de_DE', 'F', 3),
('Lena', 'de_DE', 'F', 4), ('Sonja', 'de_DE', 'F', 4), ('Lisa', 'de_DE', 'F', 4),
('Jana', 'de_DE', 'F', 3), ('Emma', 'de_DE', 'F', 3), ('Sophie', 'de_DE', 'F', 4),
('Marie', 'de_DE', 'F', 3), ('Johanna', 'de_DE', 'F', 3), ('Hannah', 'de_DE', 'F', 3),
('Lea', 'de_DE', 'F', 3), ('Mia', 'de_DE', 'F', 3), ('Emily', 'de_DE', 'F', 3),
('Nora', 'de_DE', 'F', 2), ('Frieda', 'de_DE', 'F', 2), ('Amelie', 'de_DE', 'F', 3),
('Luisa', 'de_DE', 'F', 2), ('Charlotte', 'de_DE', 'F', 3), ('Jasmin', 'de_DE', 'F', 3),
('Nina', 'de_DE', 'F', 3), ('Vanessa', 'de_DE', 'F', 3), ('Michelle', 'de_DE', 'F', 3),
('Jennifer', 'de_DE', 'F', 3), ('Isabelle', 'de_DE', 'F', 2), ('Denise', 'de_DE', 'F', 2),
('Franziska', 'de_DE', 'F', 2), ('Annika', 'de_DE', 'F', 2), ('Natalie', 'de_DE', 'F', 2),
('Miriam', 'de_DE', 'F', 2), ('Rebecca', 'de_DE', 'F', 2), ('Sabrina', 'de_DE', 'F', 2);

-- Last Names (en_US) - 200 surnames
INSERT INTO last_names (name, locale_code, frequency) VALUES
('Smith', 'en_US', 10), ('Johnson', 'en_US', 10), ('Williams', 'en_US', 9), ('Brown', 'en_US', 9),
('Jones', 'en_US', 9), ('Garcia', 'en_US', 8), ('Miller', 'en_US', 8), ('Davis', 'en_US', 8),
('Rodriguez', 'en_US', 7), ('Martinez', 'en_US', 7), ('Hernandez', 'en_US', 7), ('Lopez', 'en_US', 7),
('Gonzalez', 'en_US', 6), ('Wilson', 'en_US', 7), ('Anderson', 'en_US', 7), ('Thomas', 'en_US', 7),
('Taylor', 'en_US', 7), ('Moore', 'en_US', 7), ('Jackson', 'en_US', 7), ('Martin', 'en_US', 6),
('Lee', 'en_US', 6), ('Perez', 'en_US', 6), ('Thompson', 'en_US', 6), ('White', 'en_US', 6),
('Harris', 'en_US', 6), ('Sanchez', 'en_US', 6), ('Clark', 'en_US', 6), ('Ramirez', 'en_US', 5),
('Lewis', 'en_US', 6), ('Robinson', 'en_US', 5), ('Walker', 'en_US', 5), ('Young', 'en_US', 5),
('Allen', 'en_US', 5), ('King', 'en_US', 5), ('Wright', 'en_US', 5), ('Scott', 'en_US', 5),
('Torres', 'en_US', 5), ('Nguyen', 'en_US', 5), ('Hill', 'en_US', 5), ('Flores', 'en_US', 5),
('Green', 'en_US', 5), ('Adams', 'en_US', 5), ('Nelson', 'en_US', 5), ('Baker', 'en_US', 5),
('Hall', 'en_US', 5), ('Rivera', 'en_US', 4), ('Campbell', 'en_US', 4), ('Mitchell', 'en_US', 4),
('Carter', 'en_US', 4), ('Roberts', 'en_US', 4), ('Gomez', 'en_US', 4), ('Phillips', 'en_US', 4),
('Evans', 'en_US', 4), ('Turner', 'en_US', 4), ('Diaz', 'en_US', 4), ('Parker', 'en_US', 4),
('Cruz', 'en_US', 4), ('Edwards', 'en_US', 4), ('Collins', 'en_US', 4), ('Reyes', 'en_US', 4),
('Stewart', 'en_US', 4), ('Morris', 'en_US', 4), ('Morales', 'en_US', 4), ('Murphy', 'en_US', 4),
('Cook', 'en_US', 3), ('Rogers', 'en_US', 3), ('Gutierrez', 'en_US', 3), ('Ortiz', 'en_US', 3),
('Morgan', 'en_US', 3), ('Cooper', 'en_US', 3), ('Peterson', 'en_US', 3), ('Bailey', 'en_US', 3),
('Reed', 'en_US', 3), ('Kelly', 'en_US', 3), ('Howard', 'en_US', 3), ('Ramos', 'en_US', 3),
('Kim', 'en_US', 3), ('Cox', 'en_US', 3), ('Ward', 'en_US', 3), ('Richardson', 'en_US', 3),
('Watson', 'en_US', 3), ('Brooks', 'en_US', 3), ('Chavez', 'en_US', 3), ('Wood', 'en_US', 3),
('James', 'en_US', 3), ('Bennett', 'en_US', 3), ('Gray', 'en_US', 3), ('Mendoza', 'en_US', 3),
('Ruiz', 'en_US', 3), ('Hughes', 'en_US', 3), ('Price', 'en_US', 3), ('Alvarez', 'en_US', 3),
('Castillo', 'en_US', 2), ('Sanders', 'en_US', 3), ('Patel', 'en_US', 3), ('Myers', 'en_US', 3),
('Long', 'en_US', 2), ('Ross', 'en_US', 2), ('Foster', 'en_US', 2), ('Jimenez', 'en_US', 2),
('Powell', 'en_US', 2), ('Jenkins', 'en_US', 2), ('Perry', 'en_US', 2), ('Russell', 'en_US', 2),
('Sullivan', 'en_US', 2), ('Bell', 'en_US', 2), ('Coleman', 'en_US', 2), ('Butler', 'en_US', 2),
('Henderson', 'en_US', 2), ('Barnes', 'en_US', 2), ('Gonzales', 'en_US', 2), ('Fisher', 'en_US', 2),
('Vasquez', 'en_US', 2), ('Simmons', 'en_US', 2), ('Romero', 'en_US', 2), ('Jordan', 'en_US', 2),
('Patterson', 'en_US', 2), ('Alexander', 'en_US', 2), ('Hamilton', 'en_US', 2), ('Graham', 'en_US', 2),
('Reynolds', 'en_US', 2), ('Griffin', 'en_US', 2), ('Wallace', 'en_US', 2), ('Moreno', 'en_US', 2),
('West', 'en_US', 2), ('Cole', 'en_US', 2), ('Hayes', 'en_US', 2), ('Bryant', 'en_US', 2),
('Herrera', 'en_US', 2), ('Gibson', 'en_US', 2), ('Ellis', 'en_US', 2), ('Tran', 'en_US', 2),
('Medina', 'en_US', 2), ('Aguilar', 'en_US', 2), ('Stevens', 'en_US', 2), ('Murray', 'en_US', 2),
('Ford', 'en_US', 2), ('Castro', 'en_US', 2), ('Marshall', 'en_US', 2), ('Owens', 'en_US', 2),
('Harrison', 'en_US', 2), ('Fernandez', 'en_US', 2), ('McDonald', 'en_US', 2), ('Woods', 'en_US', 2),
('Washington', 'en_US', 2), ('Kennedy', 'en_US', 2), ('Wells', 'en_US', 2), ('Vargas', 'en_US', 2),
('Henry', 'en_US', 2), ('Chen', 'en_US', 2), ('Freeman', 'en_US', 2), ('Webb', 'en_US', 2),
('Tucker', 'en_US', 2), ('Guzman', 'en_US', 2), ('Burns', 'en_US', 1), ('Crawford', 'en_US', 1),
('Olson', 'en_US', 1), ('Simpson', 'en_US', 1), ('Porter', 'en_US', 1), ('Hunter', 'en_US', 1),
('Gordon', 'en_US', 1), ('Mendez', 'en_US', 1), ('Silva', 'en_US', 1), ('Shaw', 'en_US', 1),
('Snyder', 'en_US', 1), ('Mason', 'en_US', 1), ('Dixon', 'en_US', 1), ('Munoz', 'en_US', 1),
('Hunt', 'en_US', 1), ('Hicks', 'en_US', 1), ('Holmes', 'en_US', 1), ('Palmer', 'en_US', 1),
('Wagner', 'en_US', 1), ('Black', 'en_US', 1), ('Robertson', 'en_US', 1), ('Boyd', 'en_US', 1),
('Rose', 'en_US', 1), ('Stone', 'en_US', 1), ('Salazar', 'en_US', 1), ('Fox', 'en_US', 1),
('Warren', 'en_US', 1), ('Mills', 'en_US', 1), ('Meyer', 'en_US', 1), ('Rice', 'en_US', 1),
('Schmidt', 'en_US', 1), ('Garza', 'en_US', 1), ('Daniels', 'en_US', 1), ('Ferguson', 'en_US', 1),
('Nichols', 'en_US', 1), ('Stephens', 'en_US', 1), ('Soto', 'en_US', 1), ('Weaver', 'en_US', 1),
('Ryan', 'en_US', 1), ('Gardner', 'en_US', 1), ('Payne', 'en_US', 1), ('Grant', 'en_US', 1);

-- Last Names (de_DE) - 200 surnames
INSERT INTO last_names (name, locale_code, frequency) VALUES
('Müller', 'de_DE', 10), ('Schmidt', 'de_DE', 10), ('Schneider', 'de_DE', 9), ('Fischer', 'de_DE', 9),
('Weber', 'de_DE', 9), ('Meyer', 'de_DE', 8), ('Wagner', 'de_DE', 8), ('Becker', 'de_DE', 8),
('Schulz', 'de_DE', 7), ('Hoffmann', 'de_DE', 7), ('Koch', 'de_DE', 7), ('Richter', 'de_DE', 6),
('Klein', 'de_DE', 6), ('Wolf', 'de_DE', 6), ('Schröder', 'de_DE', 6), ('Neumann', 'de_DE', 6),
('Schwarz', 'de_DE', 5), ('Zimmermann', 'de_DE', 5), ('Braun', 'de_DE', 5), ('Krüger', 'de_DE', 5),
('Hofmann', 'de_DE', 5), ('Hartmann', 'de_DE', 5), ('Lange', 'de_DE', 5), ('Schmitt', 'de_DE', 5),
('Werner', 'de_DE', 4), ('Schmid', 'de_DE', 4), ('Krause', 'de_DE', 4), ('Meier', 'de_DE', 4),
('Lehmann', 'de_DE', 4), ('Schmitz', 'de_DE', 4), ('Schulze', 'de_DE', 4), ('Maier', 'de_DE', 4),
('Köhler', 'de_DE', 3), ('Herrmann', 'de_DE', 3), ('König', 'de_DE', 3), ('Walter', 'de_DE', 3),
('Mayer', 'de_DE', 3), ('Huber', 'de_DE', 3), ('Kaiser', 'de_DE', 3), ('Fuchs', 'de_DE', 3),
('Peters', 'de_DE', 3), ('Lang', 'de_DE', 3), ('Möller', 'de_DE', 3), ('Weiß', 'de_DE', 3),
('Jung', 'de_DE', 2), ('Hahn', 'de_DE', 2), ('Schubert', 'de_DE', 2), ('Vogel', 'de_DE', 2),
('Friedrich', 'de_DE', 2), ('Keller', 'de_DE', 2), ('Günther', 'de_DE', 2), ('Frank', 'de_DE', 2),
('Berger', 'de_DE', 2), ('Winkler', 'de_DE', 2), ('Roth', 'de_DE', 2), ('Beck', 'de_DE', 2),
('Lorenz', 'de_DE', 2), ('Baumann', 'de_DE', 2), ('Franke', 'de_DE', 2), ('Albrecht', 'de_DE', 2),
('Schuster', 'de_DE', 1), ('Simon', 'de_DE', 1), ('Ludwig', 'de_DE', 1), ('Böhm', 'de_DE', 1),
('Winter', 'de_DE', 1), ('Kraus', 'de_DE', 1), ('Martin', 'de_DE', 1), ('Schumacher', 'de_DE', 1),
('Krämer', 'de_DE', 1), ('Vogt', 'de_DE', 1), ('Jäger', 'de_DE', 1), ('Otto', 'de_DE', 1),
('Sommer', 'de_DE', 1), ('Groß', 'de_DE', 1), ('Seidel', 'de_DE', 1), ('Heinrich', 'de_DE', 1),
('Brandt', 'de_DE', 1), ('Haas', 'de_DE', 1), ('Schreiber', 'de_DE', 1), ('Graf', 'de_DE', 1),
('Dietrich', 'de_DE', 1), ('Ziegler', 'de_DE', 1), ('Kuhn', 'de_DE', 1), ('Kühn', 'de_DE', 1),
('Pohl', 'de_DE', 1), ('Engel', 'de_DE', 1), ('Horn', 'de_DE', 1), ('Busch', 'de_DE', 1),
('Bergmann', 'de_DE', 1), ('Thomas', 'de_DE', 1), ('Voigt', 'de_DE', 1), ('Sauer', 'de_DE', 1);

-- Titles
INSERT INTO titles (title, locale_code, gender, frequency) VALUES
('Mr.', 'en_US', 'M', 10), ('Ms.', 'en_US', 'F', 10), ('Mrs.', 'en_US', 'F', 8),
('Dr.', 'en_US', 'U', 2), ('Prof.', 'en_US', 'U', 1),
('Herr', 'de_DE', 'M', 10), ('Frau', 'de_DE', 'F', 10), ('Dr.', 'de_DE', 'U', 2),
('Prof.', 'de_DE', 'U', 1), ('Prof. Dr.', 'de_DE', 'U', 1);

-- Street Names (en_US) - 100 names
INSERT INTO street_names (name, locale_code) VALUES
('Main', 'en_US'), ('Oak', 'en_US'), ('Maple', 'en_US'), ('Cedar', 'en_US'), ('Elm', 'en_US'),
('Pine', 'en_US'), ('Washington', 'en_US'), ('Lake', 'en_US'), ('Hill', 'en_US'), ('Park', 'en_US'),
('Sunset', 'en_US'), ('View', 'en_US'), ('River', 'en_US'), ('Spring', 'en_US'), ('Church', 'en_US'),
('High', 'en_US'), ('School', 'en_US'), ('Forest', 'en_US'), ('Lincoln', 'en_US'), ('First', 'en_US'),
('Second', 'en_US'), ('Third', 'en_US'), ('Fourth', 'en_US'), ('Fifth', 'en_US'), ('Sixth', 'en_US'),
('Walnut', 'en_US'), ('Hickory', 'en_US'), ('Chestnut', 'en_US'), ('Willow', 'en_US'), ('Birch', 'en_US'),
('Market', 'en_US'), ('Center', 'en_US'), ('Bridge', 'en_US'), ('Mill', 'en_US'), ('Franklin', 'en_US'),
('Jefferson', 'en_US'), ('Madison', 'en_US'), ('Adams', 'en_US'), ('Jackson', 'en_US'), ('Union', 'en_US'),
('Valley', 'en_US'), ('Ridge', 'en_US'), ('Meadow', 'en_US'), ('Grove', 'en_US'), ('Fairview', 'en_US'),
('Highland', 'en_US'), ('Woodland', 'en_US'), ('College', 'en_US'), ('Liberty', 'en_US'), ('Cherry', 'en_US'),
('Pleasant', 'en_US'), ('Grand', 'en_US'), ('Summit', 'en_US'), ('Garden', 'en_US'), ('Water', 'en_US'),
('Central', 'en_US'), ('Pearl', 'en_US'), ('State', 'en_US'), ('Virginia', 'en_US'), ('Pennsylvania', 'en_US'),
('Prospect', 'en_US'), ('Railroad', 'en_US'), ('Broadway', 'en_US'), ('Division', 'en_US'), ('Green', 'en_US'),
('Circle', 'en_US'), ('Dogwood', 'en_US'), ('Laurel', 'en_US'), ('Poplar', 'en_US'), ('Sycamore', 'en_US'),
('Cambridge', 'en_US'), ('Oxford', 'en_US'), ('Harvard', 'en_US'), ('Princeton', 'en_US'), ('Yale', 'en_US'),
('Orchard', 'en_US'), ('Country', 'en_US'), ('Riverside', 'en_US'), ('Mountain', 'en_US'), ('Hillside', 'en_US'),
('Colonial', 'en_US'), ('Heritage', 'en_US'), ('Lakeview', 'en_US'), ('Parkway', 'en_US'), ('Lexington', 'en_US'),
('Canterbury', 'en_US'), ('Brookside', 'en_US'), ('Greenwood', 'en_US'), ('Windsor', 'en_US'), ('Arlington', 'en_US'),
('Belmont', 'en_US'), ('Clayton', 'en_US'), ('Glenwood', 'en_US'), ('Hampton', 'en_US'), ('Madison', 'en_US');

-- Street Names (de_DE) - 100 names
INSERT INTO street_names (name, locale_code) VALUES
('Haupt', 'de_DE'), ('Bahnhof', 'de_DE'), ('Schul', 'de_DE'), ('Kirch', 'de_DE'), ('Berg', 'de_DE'),
('Garten', 'de_DE'), ('Wald', 'de_DE'), ('Park', 'de_DE'), ('Schiller', 'de_DE'), ('Goethe', 'de_DE'),
('Mozart', 'de_DE'), ('Beethoven', 'de_DE'), ('Bach', 'de_DE'), ('Bismarck', 'de_DE'), ('Wilhelm', 'de_DE'),
('Kaiser', 'de_DE'), ('König', 'de_DE'), ('Markt', 'de_DE'), ('Schloss', 'de_DE'), ('Brunnen', 'de_DE'),
('Ring', 'de_DE'), ('Platz', 'de_DE'), ('Mühlen', 'de_DE'), ('Linden', 'de_DE'), ('Eichen', 'de_DE'),
('Tannen', 'de_DE'), ('Buchen', 'de_DE'), ('Birken', 'de_DE'), ('Rosen', 'de_DE'), ('Blumen', 'de_DE'),
('Feld', 'de_DE'), ('Wiesen', 'de_DE'), ('Anger', 'de_DE'), ('See', 'de_DE'), ('Bach', 'de_DE'),
('Fluss', 'de_DE'), ('Teich', 'de_DE'), ('Brücken', 'de_DE'), ('Tor', 'de_DE'), ('Wall', 'de_DE'),
('Graben', 'de_DE'), ('Sand', 'de_DE'), ('Stein', 'de_DE'), ('Kreuz', 'de_DE'), ('Sternen', 'de_DE'),
('Sonnen', 'de_DE'), ('Mond', 'de_DE'), ('Adler', 'de_DE'), ('Falken', 'de_DE'), ('Löwen', 'de_DE'),
('Bären', 'de_DE'), ('Hirsch', 'de_DE'), ('Reh', 'de_DE'), ('Fuchs', 'de_DE'), ('Hasen', 'de_DE'),
('Neue', 'de_DE'), ('Alte', 'de_DE'), ('Lange', 'de_DE'), ('Kurze', 'de_DE'), ('Breite', 'de_DE'),
('Schmale', 'de_DE'), ('Hohe', 'de_DE'), ('Tiefe', 'de_DE'), ('Große', 'de_DE'), ('Kleine', 'de_DE'),
('Nord', 'de_DE'), ('Süd', 'de_DE'), ('Ost', 'de_DE'), ('West', 'de_DE'), ('Mittel', 'de_DE'),
('Ober', 'de_DE'), ('Unter', 'de_DE'), ('Vor', 'de_DE'), ('Hinter', 'de_DE'), ('Seiten', 'de_DE'),
('Morgen', 'de_DE'), ('Abend', 'de_DE'), ('Tag', 'de_DE'), ('Nacht', 'de_DE'), ('Frühlings', 'de_DE'),
('Sommer', 'de_DE'), ('Herbst', 'de_DE'), ('Winter', 'de_DE'), ('Friedrich', 'de_DE'), ('Heinrich', 'de_DE'),
('Ludwig', 'de_DE'), ('Karl', 'de_DE'), ('Otto', 'de_DE'), ('Leopold', 'de_DE'), ('August', 'de_DE'),
('Johannes', 'de_DE'), ('Sebastian', 'de_DE'), ('Theodor', 'de_DE'), ('Albrecht', 'de_DE'), ('Ernst', 'de_DE');

-- Street Types
-- Street Types with frequency for weighted selection
INSERT INTO street_types (type_name, locale_code, position, frequency) VALUES
('Street', 'en_US', 'suffix', 40),
('Avenue', 'en_US', 'suffix', 30),
('Road', 'en_US', 'suffix', 20),
('Drive', 'en_US', 'suffix', 15),
('Lane', 'en_US', 'suffix', 10),
('Way', 'en_US', 'suffix', 10),
('Court', 'en_US', 'suffix', 5),
('Circle', 'en_US', 'suffix', 5),
('Boulevard', 'en_US', 'suffix', 8),
('Place', 'en_US', 'suffix', 5),
('Terrace', 'en_US', 'suffix', 5),
('Trail', 'en_US', 'suffix', 3),

('Straße', 'de_DE', 'suffix', 50),
('Weg', 'de_DE', 'suffix', 20),
('Gasse', 'de_DE', 'suffix', 15),
('Platz', 'de_DE', 'suffix', 15),
('Allee', 'de_DE', 'suffix', 10),
('Ring', 'de_DE', 'suffix', 8),
('Damm', 'de_DE', 'suffix', 5),
('Ufer', 'de_DE', 'suffix', 5),
('Pfad', 'de_DE', 'suffix', 3);


-- Cities with postal patterns (en_US)
INSERT INTO cities (city_name, locale_code, state_province, postal_code_pattern) VALUES
('New York', 'en_US', 'NY', '10###'), ('Los Angeles', 'en_US', 'CA', '90###'),
('Chicago', 'en_US', 'IL', '60###'), ('Houston', 'en_US', 'TX', '77###'),
('Phoenix', 'en_US', 'AZ', '85###'), ('Philadelphia', 'en_US', 'PA', '19###'),
('San Antonio', 'en_US', 'TX', '78###'), ('San Diego', 'en_US', 'CA', '92###'),
('Dallas', 'en_US', 'TX', '75###'), ('Austin', 'en_US', 'TX', '78###'),
('Jacksonville', 'en_US', 'FL', '32###'), ('Fort Worth', 'en_US', 'TX', '76###'),
('Columbus', 'en_US', 'OH', '43###'), ('Charlotte', 'en_US', 'NC', '28###'),
('San Francisco', 'en_US', 'CA', '94###'), ('Indianapolis', 'en_US', 'IN', '46###'),
('Seattle', 'en_US', 'WA', '98###'), ('Denver', 'en_US', 'CO', '80###'),
('Boston', 'en_US', 'MA', '02###'), ('Nashville', 'en_US', 'TN', '37###'),
('Detroit', 'en_US', 'MI', '48###'), ('Portland', 'en_US', 'OR', '97###'),
('Las Vegas', 'en_US', 'NV', '89###'), ('Memphis', 'en_US', 'TN', '38###'),
('Louisville', 'en_US', 'KY', '40###'), ('Baltimore', 'en_US', 'MD', '21###'),
('Milwaukee', 'en_US', 'WI', '53###'), ('Albuquerque', 'en_US', 'NM', '87###'),
('Tucson', 'en_US', 'AZ', '85###'), ('Fresno', 'en_US', 'CA', '93###'),
('Sacramento', 'en_US', 'CA', '95###'), ('Mesa', 'en_US', 'AZ', '85###'),
('Kansas City', 'en_US', 'MO', '64###'), ('Atlanta', 'en_US', 'GA', '30###'),
('Omaha', 'en_US', 'NE', '68###'), ('Colorado Springs', 'en_US', 'CO', '80###'),
('Raleigh', 'en_US', 'NC', '27###'), ('Miami', 'en_US', 'FL', '33###'),
('Cleveland', 'en_US', 'OH', '44###'), ('Tampa', 'en_US', 'FL', '33###');

-- Cities with postal patterns (de_DE)
INSERT INTO cities (city_name, locale_code, state_province, postal_code_pattern) VALUES
('Berlin', 'de_DE', 'Berlin', '10###'), ('Hamburg', 'de_DE', 'Hamburg', '20###'),
('München', 'de_DE', 'Bayern', '80###'), ('Köln', 'de_DE', 'Nordrhein-Westfalen', '50###'),
('Frankfurt', 'de_DE', 'Hessen', '60###'), ('Stuttgart', 'de_DE', 'Baden-Württemberg', '70###'),
('Düsseldorf', 'de_DE', 'Nordrhein-Westfalen', '40###'), ('Dortmund', 'de_DE', 'Nordrhein-Westfalen', '44###'),
('Essen', 'de_DE', 'Nordrhein-Westfalen', '45###'), ('Leipzig', 'de_DE', 'Sachsen', '04###'),
('Bremen', 'de_DE', 'Bremen', '28###'), ('Dresden', 'de_DE', 'Sachsen', '01###'),
('Hannover', 'de_DE', 'Niedersachsen', '30###'), ('Nürnberg', 'de_DE', 'Bayern', '90###'),
('Duisburg', 'de_DE', 'Nordrhein-Westfalen', '47###'), ('Bochum', 'de_DE', 'Nordrhein-Westfalen', '44###'),
('Wuppertal', 'de_DE', 'Nordrhein-Westfalen', '42###'), ('Bielefeld', 'de_DE', 'Nordrhein-Westfalen', '33###'),
('Bonn', 'de_DE', 'Nordrhein-Westfalen', '53###'), ('Münster', 'de_DE', 'Nordrhein-Westfalen', '48###'),
('Karlsruhe', 'de_DE', 'Baden-Württemberg', '76###'), ('Mannheim', 'de_DE', 'Baden-Württemberg', '68###'),
('Augsburg', 'de_DE', 'Bayern', '86###'), ('Wiesbaden', 'de_DE', 'Hessen', '65###'),
('Mönchengladbach', 'de_DE', 'Nordrhein-Westfalen', '41###'), ('Gelsenkirchen', 'de_DE', 'Nordrhein-Westfalen', '45###'),
('Braunschweig', 'de_DE', 'Niedersachsen', '38###'), ('Kiel', 'de_DE', 'Schleswig-Holstein', '24###'),
('Chemnitz', 'de_DE', 'Sachsen', '09###'), ('Aachen', 'de_DE', 'Nordrhein-Westfalen', '52###'),
('Halle', 'de_DE', 'Sachsen-Anhalt', '06###'), ('Magdeburg', 'de_DE', 'Sachsen-Anhalt', '39###'),
('Freiburg', 'de_DE', 'Baden-Württemberg', '79###'), ('Krefeld', 'de_DE', 'Nordrhein-Westfalen', '47###'),
('Lübeck', 'de_DE', 'Schleswig-Holstein', '23###'), ('Erfurt', 'de_DE', 'Thüringen', '99###'),
('Mainz', 'de_DE', 'Rheinland-Pfalz', '55###'), ('Rostock', 'de_DE', 'Mecklenburg-Vorpommern', '18###'),
('Kassel', 'de_DE', 'Hessen', '34###'), ('Hagen', 'de_DE', 'Nordrhein-Westfalen', '58###');

-- Eye Colors
INSERT INTO eye_colors (color_name, locale_code, frequency) VALUES
('Brown', 'en_US', 10), ('Blue', 'en_US', 8), ('Hazel', 'en_US', 6),
('Green', 'en_US', 4), ('Gray', 'en_US', 2), ('Amber', 'en_US', 1),
('Braun', 'de_DE', 10), ('Blau', 'de_DE', 8), ('Grün', 'de_DE', 6),
('Grau', 'de_DE', 4), ('Bernstein', 'de_DE', 1), ('Haselnuss', 'de_DE', 2);

-- Phone Formats seed data
INSERT INTO phone_formats (format_pattern, locale_code, frequency) VALUES
('(NNN) NNN-NNNN', 'en_US', 40),
('NNN-NNN-NNNN', 'en_US', 30),
('NNN.NNN.NNNN', 'en_US', 20),
('+1 NNNNNNNNNN', 'en_US', 10),

('0NNNN NNNNN', 'de_DE', 40),
('0NNNN-NNNNN', 'de_DE', 30),
('0NNNN/NNNNN', 'de_DE', 20),
('+49 NNNN NNNNN', 'de_DE', 10);

-- Email Domains
INSERT INTO email_domains (domain, locale_code) VALUES
('gmail.com', 'en_US'), ('yahoo.com', 'en_US'), ('outlook.com', 'en_US'),
('hotmail.com', 'en_US'), ('icloud.com', 'en_US'), ('aol.com', 'en_US'),
('protonmail.com', 'en_US'), ('mail.com', 'en_US'), ('zoho.com', 'en_US'),
('gmx.de', 'de_DE'), ('web.de', 'de_DE'), ('t-online.de', 'de_DE'),
('freenet.de', 'de_DE'), ('gmx.net', 'de_DE'), ('yahoo.de', 'de_DE'),

('outlook.de', 'de_DE'), ('posteo.de', 'de_DE'), ('mailbox.org', 'de_DE');
